-- phpMyAdmin SQL Dump
-- version 4.2.7.1
-- http://www.phpmyadmin.net
--
-- Host: 127.0.0.1
-- Generation Time: Jan 20, 2015 at 07:56 PM
-- Server version: 5.6.20
-- PHP Version: 5.5.15

SET SQL_MODE = "NO_AUTO_VALUE_ON_ZERO";
SET time_zone = "+00:00";


/*!40101 SET @OLD_CHARACTER_SET_CLIENT=@@CHARACTER_SET_CLIENT */;
/*!40101 SET @OLD_CHARACTER_SET_RESULTS=@@CHARACTER_SET_RESULTS */;
/*!40101 SET @OLD_COLLATION_CONNECTION=@@COLLATION_CONNECTION */;
/*!40101 SET NAMES utf8 */;

--
-- Database: `newsportal`
--

-- --------------------------------------------------------

--
-- Table structure for table `authors`
--

CREATE TABLE IF NOT EXISTS `authors` (
`AuthorID` int(11) NOT NULL,
  `FirstName` varchar(128) NOT NULL,
  `LastName` varchar(128) NOT NULL
) ENGINE=InnoDB  DEFAULT CHARSET=utf8 AUTO_INCREMENT=4 ;

--
-- Dumping data for table `authors`
--

INSERT INTO `authors` (`AuthorID`, `FirstName`, `LastName`) VALUES
(1, 'Ани', 'Салич'),
(2, 'Миролюба', 'Бенатова'),
(3, 'Юксел', 'Къдриев');

-- --------------------------------------------------------

--
-- Table structure for table `categories`
--

CREATE TABLE IF NOT EXISTS `categories` (
`CategoryID` int(11) NOT NULL,
  `CategoryName` varchar(127) NOT NULL,
  `IsVisible` bit(1) DEFAULT b'1',
  `Order` int(11) DEFAULT NULL
) ENGINE=InnoDB  DEFAULT CHARSET=utf8 AUTO_INCREMENT=10 ;

--
-- Dumping data for table `categories`
--

INSERT INTO `categories` (`CategoryID`, `CategoryName`, `IsVisible`, `Order`) VALUES
(5, 'Новини', b'1', 3),
(6, 'По Света', b'1', 2),
(7, 'Спорт', b'0', 4),
(8, 'Култура', b'1', 1),
(9, 'Технологии', b'1', 5);

-- --------------------------------------------------------

--
-- Table structure for table `news`
--

CREATE TABLE IF NOT EXISTS `news` (
`NewsID` int(11) NOT NULL,
  `NewsTitle` varchar(512) DEFAULT NULL,
  `NewsBody` mediumtext,
  `Created` timestamp NOT NULL DEFAULT CURRENT_TIMESTAMP ON UPDATE CURRENT_TIMESTAMP,
  `PicturePath` varchar(512) DEFAULT NULL,
  `CategoryID` int(11) NOT NULL,
  `AuthorID` int(11) NOT NULL
) ENGINE=InnoDB  DEFAULT CHARSET=utf8 AUTO_INCREMENT=7 ;

--
-- Dumping data for table `news`
--

INSERT INTO `news` (`NewsID`, `NewsTitle`, `NewsBody`, `Created`, `PicturePath`, `CategoryID`, `AuthorID`) VALUES
(2, 'Трябват ни 3000 тираджии, овчари и козари, обяви Борисов пред бизнеса', '<div id="material-body" class="material-body"><p>Силата на България е в това да се консолидират всички и да работят за успеха. <strong>Колкото по-малко се делим, толкова по-добре</strong>. Това <strong>заяви</strong> премиерът <strong>Бойко Борисов</strong> по време на годишната среща на бизнеса с правителството.</p> <p>Изказването му бе и по повод коментарите за срещата дали да я има, дали да я няма и неподкрепата на Конфедерацията на работодателите и индустриалците в България (КРИБ) за събитието. Това е един добър форум, подчерта Борисов.</p> <p>Премиерът коментира и реакциите за изказването му, че може да има и <strong><a href="http://news.ibox.bg/news/id_1231752784" target="_blank">жена президент от ГЕРБ</a></strong>. Бойко Борисов затова много внимателно подбирал думите са за днешното изказване. Казал за жената президент заради приповдигнатото му настроение на дамския форум на партията. Според него темата се повдигала, за да се създаде напрежение в правителството.<strong> Аз само се шегувах</strong>. Не че няма да стане, но в една аудитория от жени, какво да им кажеш, <strong>обясни Бойко Борисов</strong>.</p> <p>След това встъпление той се върна на темата за вътрешната ни политика. Заради външния и вътрешен натиск ДПС и БСП сдали властта, а и защото не могли да се справят със ситуацията в страната. <strong>С партиите в кабинета</strong>, стана ясно от думите му, <strong>не се харесвали и заобичали, но по-добро от това в момента като управление нямало</strong>. Можело да има друга конфигурация, ако я нямало партията на Бареков.</p><p>Премиерът подчерта, че <strong>за да има инвестиции, трябвало да има стабилност</strong>. Държавата ни беше по-мила, отколкото за Радан РБ, за мен ГЕРБ, изтъкна министър-председателят.&nbsp; Допълнително изпитание пред кабинета щели да бъдат местните избори. Надявам се, че и тук ще успеем да покажем, че сме израснали, каза лидерът на ГЕРБ. Политическата рамка за една държава е важна, изтъкна още той.</p> <p>Бойко Борисов коментира, че <strong>питал Ангела Меркел</strong> на последните избори <strong>как ще правят кабинет</strong>. <strong>Тя отговорила: „Ти, Бойко, за Германия не се притеснявай</strong>. Ние винаги ще изберем най-доброто за страната".</p> <p>Руският президент Владимир Путин ни направил пък голяма услуга - показвайки с пръст България от Анкара, ЕС и САЩ разбрали, че <strong>страната ни е подложена на голям натиск</strong>.</p> <p><strong>30 милиона дневно плащаме за фалита на КТБ</strong> и за обезщетяване на вложителите. Защо тази криза е допусната, попита Бойко Борисов.</p><p>По темата за еврофондовете, стана ясно от думите му, че <strong>около 25 милиона евро ще прехвърлим от стария програмен период към новия</strong>. Това било ярък жест към кабинета от страна на Брюксел да ни разреши да спасим тези пари. Всеки от нас потиска егото си, желанието си, организациите си в амбициите за по-голяма власт и участие в управлението, отчете Бойко Борисов. Постигнахме много разумен баланс, похвали се премиерът.</p> <p><strong>Съдебна система, инфраструктура, финанси - са крайъгълните камъни</strong>, по думите на Борисов. В края на тази година ще завърши строежът на АМ „Марица", както и връзката Сандански-Кулата на АМ „Струма".</p><p>Предишният кабинет, заради новите правила за процедурите, забавил завършването на тези възлови трасета. <strong>На милиарди възлизат загубите от година и половина управление на Пламен Орешарски</strong> според министър-председателя.</p><p>Радан Кънев пък му казал, че вече повече камиони пътували по пътищата на страната. Това било знак, че <strong>бизнесът е спокоен</strong>. Тази - 2015 г., 5 милиарда лева ще се разплатят по европрограмите.&nbsp; През април-май два лота на АМ „Хемус" ще са готови. За 2016-а ще се предвидят пари за още една част от магистралата.</p><p><strong>Има недостиг на 3000 ТИР-аджии. Липсват ни овчари и козари</strong>. Това стана ясно впоследствие от отговора на министър-председателя, попитан за липсата на нужните кадри за бизнеса.</p> <p><strong>Разговаряло се с ректорите на университетите за обучението на нужните кадри</strong>. Отворен съм да разговарям с тях за нуждите от специалисти, обясни Бойко Борисов. Нужни са ни реформи в средното образование, категоричен бе той. Професията трябва да се формира още от ученическата възраст, по мнението му.</p> <p>Като ученици тези, които дърпат напред, те ще учат и ще вървят напред, изтъкна Борисов. Трябва, според него, да се помисли и за тези, на които не им се учи да имат професия.</p> <p><strong>Важно е да не излизат хиляди специалисти по маркетинг и други модерни специалности</strong>, а да има специалисти и в области, в които имаме нужда от такива, смята Борисов.</p> <p>Преди се е знаело, по думите му, колко души по каква специалност се обучават в родните университети.</p> <p>Всяка сряда сутрин службите докладват на Борисов за борбата с контрабандата и сивия сектор. Той каза, че е <strong>умерен оптимист скак се събират приходите</strong> в сравнение с миналия януари.</p><p>Премиерът отново каза, че <strong>за Великден може да има бонуси за пенсионерите</strong>. За да има пари първостепенна задача на службите е да се борят с укриването на данъци, сивия сектор и контрабандата. Желанието му е да се съберат допълнително от 500 милиона лева до 1 милиард лева.</p><p>Във външно-политически план&nbsp; страната ни започнала да излиза от изолацията. <strong>Започнали да идват отново „скъпи гости", а Брюксел започнал да ни чува</strong>. По отношение на „Южен поток" предишните лъгали и Брюксел, и Москва. След като минели емоциите по въпроса, заедно с Турция и водещата роля на ЕС, ще намерим решение за газовите доставки, било чрез газов хъб, било по друг начин, изрази надежди премиерът.</p><p><strong>Борисов няма да отстъпи пред земеделците</strong> по отношение на ведомствените бензиностанции. Около 5000 лева струвала връзката с НАП. Тази сума не можело да спъне земеделците. Иначе още този месец ще им се изплатят субсидиите.</p> <p>Не беше пропусната темата и за пенсионните фондове и реформата. Целите са простички, да има доходност, да има гаранция, обясни Борисов. <strong>2-3 фонда са добре, другите трябвало да се дисциплинират</strong>. Не искаме да закриваме фондове, увери той. <br>Премиерът иска гаранция, че хората ще могат да си получат пенсиите. Искаме да стабилизираме, да ги надградим, обеща Бойко Борисов. Фондовете да видели счетоводните си данни, има ли свързани лица или не и да се успокоят. Надявам се да намерим най-доброто решение, изтъкна министър-председател.</p> <p>Той си спомни преподавателската си дейност и каза, че трябвало да спре след 20-ата минута. Хубаво е да се спра навреме, заключи той.</p>  </div>', '2015-01-20 17:48:31', 'images/borisov_siderov.jpg', 5, 2),
(3, 'Джихадистите заплашиха да убият японски заложници, искат $200 млн. откуп', '<div id="material-body" class="material-body"><p><strong>Групировката „Ислямска държава" заплашва за убие двама японски заложници</strong>, ако не получи<strong> 200 млн. долара откуп</strong> в следващите 72 часа. Това става ясно от видео, публикувано днес, съобщава „Асошиейтед прес".</p> <p>Смята се, че видеото е направено от медийното крило на „Ислямска държава" - „Ал Фуркан". То е <strong>публикувано на екстремистки сайтове, свързани с групировката</strong>. Мъжът във видеото говори и звучи като британски джихадист, свързан с други обезглавявания, извършени от групировката, която сега държи една трета от Ирак и Сирия в своя така наречен халифат.</p> <p>Във видеото се виждат <strong>двама заложници в оранжеви гащеризони</strong>, които терористите идентифицират като Кенджи Гото Дзого и Харуна Юкава.</p><p>Премиерът на Япония Шиндзо Абе <em><strong><a href="http://news.ibox.bg/news/id_1479544854">обеща да спаси двамата японски заложници.</a></strong></em></p> <p>Джихадист с британски акцент казва във видеото, че<strong> японците са нарочени заради подкрепа към западните военни действия</strong> срещу групировката.</p> <p>„<strong>Вие гордо дарихте 100 млн. долара, за да убиете нашите жени и деца</strong>, да разрушите домовете на мюсюлманите", заявява екстремистът.</p> <p>Джихадист с британски акцент вече се е появявал във видеата с обезглавяването на американските заложници Джеймс Фоули и Стивън Сотлоф, както и британците Дейвид Хейнс и Алан Хенинг.</p> <p><strong>През август, японски гражданин</strong>, за когото се смяташе, че е 42-годишният Юкава, <strong>бе отвлечен в Сирия</strong>. Причината му за отиване в размирната страна остава неясна. Министерство на външните работи на Япония работи за освобождаването му, но отказват да разкрият повече подробности.</p>  </div>', '2015-01-20 17:49:48', 'images/rich-people.jpg', 6, 3),
(4, '850 млн. лв. годишни икономии от нови светлинни технологии прогнозира БАН', '<div id="material-body" class="material-body"><p><strong>Светлодиодни лампи ще бъдат раздадени на социално слаби семейства</strong> в Международната година на светлината.</p> <p>Съюзът на физиците в България (СФБ), Българската академия на науките (БАН) и българската светлотехническа общност дадоха съвместна пресконференция, на която разкриха концепцията на програмата. Освен лампите, организаторите обещаха да <strong>монтират и фотоволтаични панели на социално слабите хора</strong>. По инициатива на ЮНЕСКО и ООН 2015 г. е обявена за Международна година на светлината и светлинните технологии.</p> <p>Само ден след официалното откриване в Париж в сградата на ЮНЕСКО на Световната година на светлината, <strong>България ще даде началото на Националната програма</strong> от 14.00 ч. в БАН. Вече е създаден Национален организационен комитет, начело с председателя на БАН акад. Стефан Воденичаров и членове - представители на научните и образователни среди, съвместно с българската светлотехническа промишленост.</p> <p>Акд. Александър Петров от БАН подчерта естетическите възможности на светлината. По думите му, елегантното осветление може да подчертае определени творби на културата. „<strong>Светлината е централна за науки, технологии, изкуство и култура</strong>", смята физикът. Петров е категоричен, че именно светлинната технология движи развитието ни, поради което значението й трябва да бъде оценено.</p> <p>Сред основните цели на Националния организационен комитет са подпомагане развитието на българската индустрия в областта на осветлението, да се подчертае важността на откритията в областта на светлината, както и <strong>да бъдат премахнати лошите практики в областта на осветлението.</strong></p> <p>Акад. Петров завърши експозето си с мотото на инициативата - „И нека бъде светлина!".</p> <p>Проф. Иван Лалов, бивш ректор на Софийския университет, подчерта, че програмата е продължение на линията, която европейските научни организации следват от около 15 години. От една страна - <strong>да се популяризират постиженията на науката</strong>, а от друга - да се обясни на данъкоплатеца за какво се харчат неговите средства.</p> <p>Софийският университет ще организира и школа за учители, която обаче според Лалов ще бъде интересна и за по-широк кръг специалисти от областта. <strong>Богата програма от събития ще бъде изпълнена през годината на светлината</strong>. Сред тях са няколко тематични конкурса - за рисунка, реферат, книга. През септември е планирана&nbsp; Нощ на учените. На различни конференции учените ще обясняват каква е ролята на светлината.</p> <p><strong>Физиците наблегнаха на влиянието на светлинните технологии в развитието на българската енергетика</strong>, икономиката, екологията и образованието. Проф. Христо Василев от Българската светлотехническа общност подчерта, че благодарение на светлодиодната технология, която е основната в осветителната техника в момента, се очаква към 2020 г да се реализира драстична икономия на енергия.</p> <p><strong>Към 2020 г. се очаква и намаление от 1 млн. тона на въгледвуокиса</strong>. През тази година са планирани и няколко семинара, посветени на светлинното замърсяване. До минимум ще бъде сведено и замърсяването с живак, който се съдържа в луминисцентните лампи.</p> <p>Не бе пропусната и темата за ефекта върху българската икономика. <strong>Към 2020 г. ще се постигне постепенно годишно намаляване на разходите</strong> за фирмите, домакинствата и общините <strong>с около 850 млн. лв. годишно</strong>, изчисли проф. Василев.</p> <p>Той обаче призова политиците да помогнат на индустрията, тъй като има много нерегламентиран внос, който задушава българските производители.</p> <p><strong>Нобеловата награда за физика през 2014 г. е присъдена именно за изобретение за новите осветителни източници</strong>. „Те не са нагреваема жичка, не са газ, който да свети, а материал под формата на кристал, който при пропускането на електричество през него, свети", обясни проф. Евгения Вълчева, която е работила по усъвършенстването на материалите с двама от нобеловите лауреати. По думите й, тези светлинни източници са енергоспестяващи и са създадени от екологични материали.</p> <p>Физиците увериха, че <strong>българските фирми произвеждат осветители</strong>, значително по-добри от чуждестранните стоки, а и на по-ниска цена.</p>  </div>', '2015-01-20 17:52:37', 'images/station.jpg', 8, 1),
(5, 'Дрисльото излезе да ме победи, скочи Кличко на Пулев', '<div id="material-body" class="material-body"><p>Световният шампион по бокс в тежка категория Владимир <strong>Кличко отново говори за Кубрат Пулев, след като преди време нарече българина "простак"</strong>.</p><p>Този път обидата, с която украинецът скочи на Кобрата, е още по жестока - <strong>той го нарече с думата "засранце", която има широко тълкувание - от "лайно" до "дрисльо" и "мърльо"</strong>, пише topsport.bg.</p> <p>"Знаете, за танго са нужни двама. <strong>За да бъде боят интерeсен, и двамата боксьори трябва да се постараят. Както се получи в последния ми бой с Кубрат Пулев</strong>. <strong>Единственото положително нещо, което мога да кажа за този, извинете - дрисльо, е че той излезе да побеждава</strong>. Той не бягаше от боя. Затова, по мое мнение, този мач бе много зрелищен, за разлика от битките ми с Дейвид Хей и Еди Чеймбърс", коментира Кличко в интервю за "Спорт Сегодня".</p> <p>Както е известно, Кличко победи Пулев с нокаут в края на петия рунд на 15 ноември 2014 година.</p>  </div>', '2015-01-20 17:52:37', 'images/krisiq.jpg', 7, 3),
(6, 'Човек на Рашидов поема временно "българския Лувър"', '<div id="material-body" class="material-body"><p><img style="float: right; margin: 1px;" src="http://images.ibox.bg/2015/01/16/g3463467/256x292.jpg" alt="" width="256" height="292">Със заповед на министъра на културата Вежди Рашидов за <strong>директор на новия Съвременен музеен център в кв. „500"</strong>, или така наречения "български Лувър" в София, до обявяването на конкурс е назначена <strong>Слава Иванова</strong>. Тя е известен изкуствовед, съобщават от Министерството на културата</p> <p>Слава Иванова беше директор на Националната художествена галерия в периода 2009 - 2013 г.</p> <p><strong>В края на 2009 г. e назначена за директор на НХГ</strong>. В периода 2009-2011 г. тя ръководи екипа на галерията, завършил успешно първата фаза на проекта за <strong>преустройство и реконструкция</strong> на сградата на Софийски Арсенал в <strong>Музей на съвременното изкуство</strong>, финансиран от Финансовия механизъм на Европейското икономическо пространство.</p> <p>През 2011 г. тя работи и за откриването на нов <strong>филиал на НХГ</strong> в София, представящ изкуството от <strong>епохата на социализма</strong> със скулптурна експозиция на открито.</p> <p>Родена е на 8.06. 1957 г. Завършила е 114-та английска езикова гимназия. Магистър по история на изкуството във ВИИИ „Н. Павлович".</p> <p>Владее английски и руски език.</p> <p>В периода 1987 - 1990 г. е редовен аспирант в Института за изучаване на изкуството - БАН. От 1990 г. работи като уредник в Националната художествена галерия. През 1995 г. специализира мениджмънт на музеи и галерии в City University, Лондон, по линия на Британския съвет. От 1996 г. е главен уредник на отдел „Съвременно българско изкуство" в НХГ. Организирала е десетки изложби, посветени на българското изкуство. Автор и съставител е на каталози за известни български художници.</p> <p>Под нейно ръководство в Националната художествена галерия са уредени и ретроспективни юбилейни изложби на художници като Владимир Димитров - Майстора, Никола Танев, Захари Зограф, Георги Баев. Представителни експозиции на българското изкуство НХГ показва в Брюксел, Черна гора, Париж, Солун. В залите на галерията гостуват и изложби на майстори на модерното и съвременното изкуство от Франция, Великобритания, Япония, Р. Корея, Унгария, Турция.</p> <p>През лятото на 2013 г. тя е наградена с <strong>орден за изкуство и литература</strong> на Министерството на културата и комуникациите на Република Франция.</p><p>Директорът на новия Съвременен музеен център <strong>Слава Иванова ще има двама заместници </strong>- изкуствоведите <strong>Яра Бубнова и Бистра Рангелова</strong>. Председател на Художествения съвет на новия Съвременен музеен център в кв. „500" ще бъде академик <strong>Светлин&nbsp; Русев</strong>.</p>  </div>', '2015-01-20 17:54:21', 'images/weather.jpg', 8, 2);

--
-- Indexes for dumped tables
--

--
-- Indexes for table `authors`
--
ALTER TABLE `authors`
 ADD PRIMARY KEY (`AuthorID`);

--
-- Indexes for table `categories`
--
ALTER TABLE `categories`
 ADD PRIMARY KEY (`CategoryID`), ADD UNIQUE KEY `CategoryName_UNIQUE` (`CategoryName`);

--
-- Indexes for table `news`
--
ALTER TABLE `news`
 ADD PRIMARY KEY (`NewsID`), ADD KEY `fk_News_Categories_idx` (`CategoryID`), ADD KEY `fk_News_Authors1_idx` (`AuthorID`);

--
-- AUTO_INCREMENT for dumped tables
--

--
-- AUTO_INCREMENT for table `authors`
--
ALTER TABLE `authors`
MODIFY `AuthorID` int(11) NOT NULL AUTO_INCREMENT,AUTO_INCREMENT=4;
--
-- AUTO_INCREMENT for table `categories`
--
ALTER TABLE `categories`
MODIFY `CategoryID` int(11) NOT NULL AUTO_INCREMENT,AUTO_INCREMENT=10;
--
-- AUTO_INCREMENT for table `news`
--
ALTER TABLE `news`
MODIFY `NewsID` int(11) NOT NULL AUTO_INCREMENT,AUTO_INCREMENT=7;
--
-- Constraints for dumped tables
--

--
-- Constraints for table `news`
--
ALTER TABLE `news`
ADD CONSTRAINT `fk_News_Authors1` FOREIGN KEY (`AuthorID`) REFERENCES `authors` (`AuthorID`) ON DELETE NO ACTION ON UPDATE NO ACTION,
ADD CONSTRAINT `fk_News_Categories` FOREIGN KEY (`CategoryID`) REFERENCES `categories` (`CategoryID`) ON DELETE NO ACTION ON UPDATE NO ACTION;

/*!40101 SET CHARACTER_SET_CLIENT=@OLD_CHARACTER_SET_CLIENT */;
/*!40101 SET CHARACTER_SET_RESULTS=@OLD_CHARACTER_SET_RESULTS */;
/*!40101 SET COLLATION_CONNECTION=@OLD_COLLATION_CONNECTION */;
